sample_id,x_1,x_2,dataset_type
1,0.4967141530112327,-0.13826430117118466,calibration
2,0.6476885381006925,1.5230298564080254,calibration
3,-0.23415337472333597,-0.23413695694918055,calibration
4,1.5792128155073915,0.7674347291529088,calibration
5,-0.4694743859349521,0.5425600435859647,calibration
6,-0.46341769281246226,-0.46572975357025687,calibration
7,0.24196227156603412,-1.913280244657798,calibration
8,-1.7249178325130328,-0.5622875292409727,calibration
9,-1.0128311203344238,0.3142473325952739,calibration
10,-0.9080240755212109,-1.4123037013352915,calibration
11,1.465648768921554,-0.22577630048653566,calibration
12,0.06752820468792384,-1.4247481862134568,calibration
13,-0.5443827245251827,0.11092258970986608,calibration
14,-1.1509935774223028,0.37569801834567196,calibration
15,-0.600638689918805,-0.2916937497932768,calibration
16,-0.6017066122293969,1.8522781845089378,calibration
17,-0.013497224737933921,-1.0577109289559004,calibration
18,0.822544912103189,-1.2208436499710222,calibration
19,0.2088635950047554,-1.9596701238797756,calibration
20,-1.3281860488984305,0.19686123586912352,calibration
21,0.7384665799954104,0.1713682811899705,calibration
22,-0.11564828238824053,-0.3011036955892888,calibration
23,-1.4785219903674274,-0.7198442083947086,calibration
24,-0.4606387709597875,1.0571222262189157,calibration
25,0.3436182895684614,-1.763040155362734,calibration
26,0.324083969394795,-0.38508228041631654,calibration
27,-0.6769220003059587,0.6116762888408679,calibration
28,1.030999522495951,0.9312801191161986,calibration
29,-0.8392175232226385,-0.3092123758512146,calibration
30,0.33126343140356396,0.9755451271223592,calibration
31,-0.47917423784528995,-0.18565897666381712,calibration
32,-1.1063349740060282,-1.1962066240806708,calibration
33,0.812525822394198,1.356240028570823,calibration
34,-0.07201012158033385,1.0035328978920242,calibration
35,0.36163602504763415,-0.6451197546051243,calibration
36,0.36139560550841393,1.5380365664659692,calibration
37,-0.03582603910995154,1.5646436558140062,calibration
38,-2.6197451040897444,0.8219025043752238,calibration
39,0.08704706823817122,-0.29900735046586746,calibration
40,0.0917607765355023,-1.9875689146008928,calibration
41,-0.21967188783751193,0.3571125715117464,calibration
42,1.477894044741516,-0.5182702182736474,calibration
43,-0.8084936028931876,-0.5017570435845365,calibration
44,0.9154021177020741,0.32875110965968446,calibration
45,-0.5297602037670388,0.5132674331133561,calibration
46,0.09707754934804039,0.9686449905328892,calibration
47,-0.7020530938773524,-0.3276621465977682,calibration
48,-0.39210815313215763,-1.4635149481321186,calibration
49,0.29612027706457605,0.26105527217988933,calibration
50,0.00511345664246089,-0.23458713337514692,calibration
51,-1.4153707420504142,-0.42064532276535904,calibration
52,-0.3427145165267695,-0.8022772692216189,calibration
53,-0.16128571166600914,0.4040508568145384,calibration
54,1.8861859012105302,0.17457781283183896,calibration
55,0.25755039072276437,-0.07444591576616721,calibration
56,-1.9187712152990415,-0.026513875449216878,calibration
57,0.06023020994102644,2.463242112485286,calibration
58,-0.19236096478112252,0.30154734233361247,calibration
59,-0.03471176970524331,-1.168678037619532,calibration
60,1.1428228145150205,0.7519330326867741,calibration
61,0.7910319470430469,-0.9093874547947389,calibration
62,1.4027943109360992,-1.4018510627922809,calibration
63,0.5868570938002703,2.1904556258099785,calibration
64,-0.9905363251306883,-0.5662977296027719,calibration
65,0.09965136508764122,-0.5034756541161992,calibration
66,-1.5506634310661327,0.06856297480602733,calibration
67,-1.0623037137261049,0.4735924306351816,calibration
68,-0.9194242342338032,1.5499344050175394,calibration
69,-0.7832532923362371,-0.3220615162056756,calibration
70,0.8135172173696698,-1.2308643164339552,calibration
71,0.22745993460412942,1.307142754282428,calibration
72,-1.6074832345612275,0.1846338585323042,calibration
73,0.25988279424842353,0.7818228717773104,calibration
74,-1.236950710878082,-1.3204566130842763,calibration
75,0.5219415656168976,0.29698467323318606,calibration
76,0.25049285034587654,0.3464482094969757,calibration
77,-0.6800247215784908,0.23225369716100355,calibration
78,0.29307247329868125,-0.7143514180263678,calibration
79,1.8657745111447566,0.4738329209117875,calibration
80,-1.1913034972026486,0.6565536086338297,calibration
81,-0.9746816702273214,0.787084603742452,calibration
82,1.158595579007404,-0.8206823183517105,calibration
83,0.9633761292443218,0.4127809269364983,calibration
84,0.82206015999449,1.8967929826539474,calibration
85,-0.2453881160028705,-0.7537361643574896,calibration
86,-0.8895144296255233,-0.8158102849654383,calibration
87,-0.0771017094141042,0.3411519748166439,calibration
88,0.27669079933001905,0.8271832490360238,calibration
89,0.01300189187790702,1.4535340771573169,calibration
90,-0.2646568332379561,2.720169166589619,calibration
91,0.6256673477650062,-0.8571575564162826,calibration
92,-1.0708924980611123,0.4824724152431853,calibration
93,-0.2234627853258509,0.714000494092092,calibration
94,0.47323762457354485,-0.07282891265687277,calibration
95,-0.846793718068405,-1.5148472246858646,calibration
96,-0.4465149520670211,0.8563987943234723,calibration
97,0.21409374413020396,-1.245738778711988,calibration
98,0.173180925851182,0.3853173797288368,calibration
99,-0.883857436201133,0.1537251059455279,calibration
100,0.058208718445999896,-1.142970297830623,calibration
101,0.3577873603482833,0.5607845263682344,calibration
102,1.083051243175277,1.053802052034903,calibration
103,-1.377669367957091,-0.9378250399151228,calibration
104,0.5150352672086598,0.5137859509122088,calibration
105,0.5150476863060479,3.852731490654721,calibration
106,0.570890510693167,1.135565640180599,calibration
107,0.9540017634932023,0.651391251305798,calibration
108,-0.3152692446403456,0.7589692204932674,calibration
109,-0.7728252145375718,-0.23681860674000887,calibration
110,-0.48536354782910346,0.08187413938632256,calibration
111,2.3146585666735087,-1.867265192591748,calibration
112,0.6862601903745135,-1.6127158711896517,calibration
113,-0.47193186578943347,1.088950596967366,calibration
114,0.06428001909546277,-1.0777447779293061,calibration
115,-0.7153037092599682,0.6795977489346758,calibration
116,-0.7303666317171367,0.21645858958197486,calibration
117,0.045571839903813784,-0.6516003476058171,calibration
118,2.1439440893253257,0.6339190223180112,calibration
119,-2.025142586657607,0.18645431476942764,calibration
120,-0.661786464768388,0.852433334796224,calibration
121,-0.7925207384327007,-0.11473644146689901,calibration
122,0.5049872789804571,0.8657551941701215,calibration
123,-1.2002964070557762,-0.3345012358409484,calibration
124,-0.4749453111609562,-0.6533292325737119,calibration
125,1.7654542402810969,0.40498171096095553,calibration
126,-1.2608839543350452,0.9178619470547761,calibration
127,2.1221561970126332,1.0324652605511468,calibration
128,-1.5193699659540134,-0.48423407286625136,calibration
129,1.2669111491866227,-0.7076694656187807,calibration
130,0.44381942814622843,0.7746340534293368,calibration
131,-0.926930471578083,-0.05952535606180008,calibration
132,-3.2412673400690726,-1.0243876413342898,calibration
133,-0.2525681513931603,-1.2477831819648495,calibration
134,1.6324113039316352,-1.4301413779606327,calibration
135,-0.44004448669698376,0.13074057728609134,calibration
136,1.4412732890661155,-1.4358621511794394,calibration
137,1.1631637521549596,0.010233061019587049,calibration
138,-0.9815086510479509,0.46210347426327075,calibration
139,0.19905969557347003,-0.6002168771587947,calibration
140,0.06980208499001891,-0.3853135968617602,calibration
141,0.11351734525124804,0.6621306745210467,calibration
142,1.586016816145352,-1.237815498826849,calibration
143,2.1330333746562666,-1.9520877995225019,calibration
144,-0.15178509503558332,0.5883172064845765,calibration
145,0.28099186773503265,-0.6226995198205938,calibration
146,-0.20812225035727522,-0.4930009346588328,calibration
147,-0.5893647569442115,0.8496020970210246,calibration
148,0.35701548596504734,-0.6929095952606542,calibration
149,0.8995998754332507,0.30729952087660933,calibration
150,0.8128621188389601,0.6296288419236122,calibration
151,-0.8289950109220723,-0.5601810401969696,calibration
152,0.7472936051232618,0.6103702654334648,calibration
153,-0.020901593964148132,0.117327383308782,calibration
154,1.277664895788425,-0.5915713888358299,calibration
155,0.5470973811700379,-0.20219265243389406,calibration
156,-0.2176812032272203,1.09877685198719,calibration
157,0.8254163489880298,0.8135096360006385,calibration
158,1.305478807154329,0.02100384163275905,calibration
159,0.6819529712949639,-0.31026675659345604,calibration
160,0.3241663524884421,-0.13014305436768459,calibration
161,0.09699596499271819,0.5951570254369136,calibration
162,-0.8182206832334725,2.0923872756854602,calibration
163,-1.006017381499702,-1.2141886127877322,calibration
164,1.1581108735000678,0.7916626939629359,calibration
165,0.6241198170521551,0.6283455092642799,calibration
166,-0.012246772846914623,-0.8972543714858315,calibration
167,0.07580455819372633,-0.6771617115121117,calibration
168,0.9751197334177512,-0.14705738150213865,calibration
169,-0.8254971967925115,-0.32138584165299344,calibration
170,0.41293145427562433,-0.5637245528039747,calibration
171,-0.8222203955664315,0.2436872114919123,calibration
172,0.24496657110872277,-0.5069431753711298,calibration
173,-0.4710383056183228,0.2320499373576363,calibration
174,-1.4480843414973241,-1.4074637743765552,calibration
175,-0.718444221252436,-0.21344715171184725,calibration
176,0.3109075655980046,1.475356216949552,calibration
177,0.8576596232020194,-0.1599385299634271,calibration
178,-0.01901620790268883,-1.0025293646378088,calibration
179,-0.01851313599238993,-0.2886586389201383,calibration
180,0.3227185603380895,-0.827230943552323,calibration
181,0.5193465142411723,1.5327389130025777,calibration
182,-0.1087601484568576,0.40171172209894146,calibration
183,0.6901439917111125,-0.40122047188583626,calibration
184,0.22409248181041677,0.01259240078179486,calibration
185,0.09767609854883172,-0.7730097838554665,calibration
186,0.024510174258942714,0.49799829124544975,calibration
187,1.4511436077950417,0.9592708260852069,calibration
188,2.1531824575115563,-0.7673475628880495,calibration
189,0.8723206367206782,0.18334200573835174,calibration
190,2.1898029332176723,-0.8082982853551515,calibration
191,-0.8397218421807761,-0.5993926454440222,calibration
192,-2.123895724309807,-0.525755021680761,calibration
193,-0.759132661553698,0.15039378647620763,calibration
194,0.34175597577715944,1.8761708392158862,calibration
195,0.9504238381860503,-0.5769036556624031,calibration
196,-0.898414671348358,0.4919191715065057,calibration
197,-1.3202332070206422,1.8314587658543537,calibration
198,1.179440120721287,-0.4691756521047048,calibration
199,-1.7131345290908775,1.3538723741654128,calibration
200,-0.11453984525261789,1.2378163119734618,calibration
201,-1.594427658794367,-0.5993750229537729,calibration
202,0.005243699718183166,0.046980593764742055,calibration
203,-0.45006547147924364,0.6228499323474987,calibration
204,-1.0676204293825944,-0.1423794850212935,calibration
205,0.12029563171189886,0.514438834058749,calibration
206,0.7116148780888898,-1.1246420918378692,calibration
207,-1.5341141707356223,1.277676821898509,calibration
208,0.33231401197959165,-0.7484865365565536,calibration
209,1.551151975522523,0.11567463429285867,calibration
210,1.1792971840638264,0.06751848141010895,calibration
211,2.060747924881987,1.7553408424432044,calibration
212,-0.2489641484790735,0.9715709509543554,calibration
213,0.6453759495851475,1.3686315575323487,calibration
214,-0.9649234605801045,0.6860514599984393,calibration
215,1.0584244868495878,-1.7587394864231143,calibration
216,-1.183258512665775,-2.0392321777601006,calibration
217,-0.26940683444455776,0.7175422557959623,calibration
218,1.502357052096028,0.07409478041977519,calibration
219,1.6286155455712918,-1.3801014582148914,calibration
220,-1.7033824393551547,-0.05554769889661878,calibration
221,0.3840654489393073,-0.03269474809409311,calibration
222,-2.0674421000398766,-0.08912003951278841,calibration
223,-1.3044695005048532,0.6696725488300385,calibration
224,0.36659824609684827,-0.9398797863273552,calibration
225,-0.5138669173366935,-1.0592135218889516,calibration
226,-0.06267909727317188,0.9551423205012383,calibration
227,-0.9857260463355437,0.5040465155178444,calibration
228,-0.5302576183724408,-0.7928728322623442,calibration
229,-0.10703035995455783,-1.035242322419374,calibration
230,-0.553649305347182,-1.1978778925888485,calibration
231,1.9647251329163893,0.03526355197172861,calibration
232,-0.6997255079925856,0.213979910734222,calibration
233,-0.11232804969082982,-0.22096959953322298,calibration
234,0.6141667000434252,0.7575077100473051,calibration
235,-0.5305011476105275,-0.57581824064468,calibration
236,-0.275051697151644,-2.301921164735585,calibration
237,-1.5151910621985523,1.3668742674445247,calibration
238,1.6449677135012837,-0.24903603955637832,calibration
239,0.5765569630557664,0.3112501545435361,calibration
240,3.0788808084552377,1.1195749114345768,calibration
241,-0.12791759148076653,-0.9555404406004258,calibration
242,-1.6064463202575725,0.2034636358672231,calibration
243,-0.7563507452843033,-1.4222537095976742,calibration
244,-0.6465728842425266,-1.081548003614395,calibration
245,1.6871416350725648,0.8816397569494505,calibration
246,-0.007972641316617372,1.4799441388900259,calibration
247,0.0773683076476183,-0.8612842013282637,calibration
248,1.5231240772696573,0.5389100436846587,calibration
249,-1.0372461543264564,-0.1903386780836082,calibration
250,-0.8756182533847572,-1.382799730964336,calibration
251,0.9261775475316414,1.9094166404701305,calibration
252,-1.3985675738191412,0.5629692366905709,calibration
253,-0.6506425691218269,-0.48712538376469605,calibration
254,-0.5923939242388692,-0.863990769679816,calibration
255,0.04852162794482699,-0.8309501164110378,calibration
256,0.2704568257798388,-0.05023810944913695,calibration
257,-0.23894804686640975,-0.9075636620415979,calibration
258,-0.5767713305683327,0.755391225825756,calibration
259,0.5009171876243808,-0.977555244798551,calibration
260,0.09933230542922587,0.751387123371789,calibration
261,-1.6694052811213718,0.543360192379935,calibration
262,-0.6626237589458467,0.5705986685931593,calibration
263,-0.7632591565425169,-1.804882100664519,calibration
264,-1.6275424378831627,0.048084946661381994,calibration
265,0.25972250172148187,-0.9043166251044086,calibration
266,0.6385924587773739,-1.6615200622689599,calibration
267,-0.06607979864731657,-1.2110161997624567,calibration
268,-0.6518361078021592,0.047398671316414016,calibration
269,-0.8604133652839524,-0.38455554422982535,calibration
270,1.0062928092144405,-0.5768918695231487,calibration
271,0.8356921120651418,-1.129706854657618,calibration
272,0.5298041779152828,1.4415686206579004,calibration
273,-2.4716445001272893,-0.7968952554704768,calibration
274,0.57707212718054,-0.2030453860429927,calibration
275,0.37114587337130883,-0.6039851867158206,calibration
276,0.08658978747289992,-0.15567723539207948,calibration
277,1.1677820616598074,0.2544208433012131,calibration
278,0.3376026620752022,-0.4118769661224674,calibration
279,-0.48760622407249354,-0.4325581878196209,calibration
280,0.39445214237829684,-0.42098448082026296,calibration
281,0.2897748568964129,2.075400798645439,calibration
282,0.8711247034316923,-0.32602353216784113,calibration
283,1.2012139221639448,-0.4080753730215514,calibration
284,-2.038124535177854,-1.008086310917404,calibration
285,-1.8707919210258557,-0.35151348404130867,calibration
286,0.0184183791895517,1.6764373122752827,calibration
287,0.32692737376416264,-0.21910052880886424,calibration
288,0.8294055811834892,-2.211135309007885,calibration
289,0.23561455810856594,0.7708651938869668,calibration
290,-1.4785862457798415,1.143754043206929,calibration
291,0.3384964074944141,-0.4152879139008013,calibration
292,0.6327818661062848,2.270692857804396,calibration
293,0.18186625505849516,0.24822058630033608,calibration
294,-0.4593608995402441,-0.8498443694647918,calibration
295,0.8303358165442456,-0.8560838259088672,calibration
296,0.07156623721939247,-0.4776574467651167,calibration
297,0.47897982574639186,0.3336621052869483,calibration
298,1.0375399442578992,-0.510016398854747,calibration
299,-0.26987493529337125,-0.9787637157823074,calibration
300,-0.4442932600761116,0.3773004930448522,calibration
301,0.7569886166453519,-0.9221653241776254,calibration
302,0.8696059201056602,1.355637858804951,calibration
303,0.41343490322370086,1.876795812558066,calibration
304,-0.773789199103573,-1.244654703311417,calibration
305,-1.7787202489042786,1.496044311489183,calibration
306,0.6543656563540577,-0.05558467091045507,calibration
307,0.2799686263198203,-1.1254890472983765,calibration
308,2.4457519796168263,0.1292211819752275,calibration
309,0.10939479460489289,0.725766623898692,calibration
310,0.4810092317367132,0.22388402427913137,calibration
311,-0.7904744554453119,0.4714683571359957,calibration
312,1.8820244964750337,1.3454200461549777,calibration
313,1.593186626639397,-0.5112156764311852,calibration
314,-0.9896048202585809,-0.12578692009964815,calibration
315,0.055724912288694604,1.0941915184709485,calibration
316,-1.6924646297148194,1.5295503194606137,calibration
317,-0.15800789857898942,-0.42688106994742003,calibration
318,-1.0121043752601675,-1.6548566718657693,calibration
319,0.8231705839619146,0.07331796718840389,calibration
320,-1.2899608997410539,-1.295078772063616,calibration
321,-0.3357846992901282,1.669021525289393,calibration
322,-0.2595913513636048,-1.5031429531181062,calibration
323,-0.24574306408594432,-0.2727235697476705,calibration
324,-2.6968866429415717,-0.05429486651781221,calibration
325,-0.23093453020867796,0.6962063648134184,calibration
326,1.8489560949453452,1.1265650295477574,calibration
327,-0.26888869055483056,-1.1065259087416703,calibration
328,2.5733598032498604,0.05921843401448826,calibration
329,0.013929291912946203,-0.024125087110003277,calibration
330,0.19808476076785494,-0.14436041192394247,calibration
331,-0.5736620068802363,-0.5468589412403921,calibration
332,-0.03275327021599839,-0.543424771133765,calibration
333,-0.7128457826771644,0.10643022769189683,calibration
334,-0.2549772174208553,1.5039929885826886,calibration
335,-2.650969808393012,1.0915068519224618,calibration
336,1.246085192497629,-2.0733902324081495,calibration
337,-0.34268759408034877,-0.37144086599579146,calibration
338,-1.4075116947178212,-0.7778166875908753,calibration
339,-1.1105758454658288,1.7522704434236227,calibration
340,0.9356783931474612,1.2715550949941588,calibration
341,0.7216720640432351,-1.1290517712172292,calibration
342,-0.5245202662797737,0.48937456122791806,calibration
343,-1.2221278088919454,0.7129984301723881,calibration
344,-0.24032539815813503,-0.3748208075495975,calibration
345,0.7109599682034915,0.44426331148603976,calibration
346,-0.3609661658190799,1.159329803364248,calibration
347,-1.0810633275998973,0.6159356069442637,calibration
348,0.5931012579683838,-0.3095464393139903,calibration
349,0.326133022242118,-1.251113576385303,calibration
350,0.924027019206901,-0.18490213644298903,calibration
351,-0.5227230205190395,1.0490092258368893,calibration
352,-0.7043436905427592,-1.4084612963635597,calibration
353,-1.5566291735239037,0.6060099513456396,calibration
354,-1.280429352496283,1.7547941819843647,calibration
355,-2.081929407883722,1.6964563682900382,calibration
356,0.2110174672026184,-0.09671311187039239,calibration
357,-0.5449190868089497,0.39913611435207086,calibration
358,-0.037634702424848364,1.1033018820165215,calibration
359,0.11422764866203965,0.1503017614618776,calibration
360,-0.36361221221385587,-0.056945623721067457,calibration
361,0.3078017688920592,-1.7101683926566256,calibration
362,-1.348185422105713,0.743264094022715,calibration
363,0.17086543812794186,-0.18398333635267913,calibration
364,0.01843393306539316,0.34758170536167105,calibration
365,-0.5397596803093615,-0.7783047254023127,calibration
366,0.19584525509768155,-0.978372777615032,calibration
367,0.40825275571447184,-1.7025836042378404,calibration
368,1.0291556373256436,0.472597482413043,calibration
369,0.25602973431387566,0.9826909839455139,calibration
370,1.6654744444625766,1.0143700650181304,calibration
371,-1.8408742313316453,-1.2795769667357015,calibration
372,-0.6248185776956788,0.026091050210833786,calibration
373,0.517659020469123,-0.7257438131534656,calibration
374,0.18676676447707832,-0.7553829323533225,calibration
375,-0.6115178029919482,-1.4066610968482223,calibration
376,-0.9232332461109043,-1.3516846056163336,calibration
377,-0.9758732529773327,1.0536417966078395,calibration
378,-0.949398888831943,2.632382064837391,calibration
379,0.4933179008808892,0.1848361236948739,calibration
380,-0.8583577801812136,0.7003098794089914,calibration
381,-0.5756378262377739,0.12200981464536144,calibration
382,2.5600845382687947,-0.09605989972464987,calibration
383,1.1492733262856758,-0.7031764251258874,calibration
384,-0.0349884904969617,1.77080063563551,calibration
385,-0.6269670577877674,1.8124485579969287,calibration
386,0.7077519354554754,-0.5624667758942676,calibration
387,0.632407739055521,0.9725544496267299,calibration
388,0.6218099622171964,-1.5702247198904564,calibration
389,-0.7271371758248686,-0.24751863555150475,calibration
390,-0.07443342910004629,0.620672097550678,calibration
391,0.17770100093325383,-1.3353443587101013,calibration
392,0.3801978510059632,0.6105857452838231,calibration
393,0.5597904479310398,1.0807807255546218,calibration
394,0.8339221545489041,0.4591800792284367,calibration
395,-0.07016571145864703,-1.6609609335159914,calibration
396,0.42961821913258585,0.20768768716311115,calibration
397,0.27157883719537346,-1.2767485758203094,calibration
398,-1.0810565404082624,1.0531528533329035,calibration
399,-0.03955515385665504,0.6815006973726244,calibration
400,0.028318376130461172,0.02975613949574519,calibration
401,0.9382838059759977,-0.5160447282173739,calibration
402,0.09612077694098337,-0.4622752887050425,calibration
403,-0.4344962274323156,-0.30917212346863937,calibration
404,0.22213377163371284,-0.4787486216634773,calibration
405,1.2557561255735208,-0.8946073022195039,calibration
406,-0.18687164416135904,-0.4397310582741749,calibration
407,1.4469778843537329,0.19655477651157463,calibration
408,1.0318445394686349,-1.485560373036972,calibration
409,0.26705026586925884,0.889630795623437,calibration
410,0.08228398927542419,1.0654803750653512,calibration
411,-0.5172884501003722,1.40934744018558,calibration
412,2.2988981236192503,-0.36283856043965906,calibration
413,-0.4455025214007718,1.453384477117701,calibration
414,1.5795721457307124,-0.5228600271532683,calibration
415,-0.42018681709585726,-0.2817846088605072,calibration
416,-1.344450511034277,-0.9186519464841982,calibration
417,-1.0041407667520679,-0.7677975651041284,calibration
418,-0.03468488738678118,0.23421473253652075,calibration
419,1.5505004928140769,-0.998354040738791,calibration
420,0.9843223984765838,-0.21398884422550896,calibration
421,-0.04946370965243295,0.6748194921666038,calibration
422,-1.1227220215622986,0.3824097461840506,calibration
423,0.1664522082130561,0.4924512640081491,calibration
424,0.2891686439078181,2.4553001399108942,calibration
425,-0.637739984251316,-0.5309969550018176,calibration
426,-0.6231405264247644,-0.5554771191602547,calibration
427,-0.6373871273065177,1.1890165311075518,calibration
428,1.4205042479898549,-0.5707462937494763,calibration
429,-0.8323555731042287,0.4714155563864041,calibration
430,-0.5522230442809712,0.6329318177555108,calibration
431,0.2029230208512997,-1.515744114997232,calibration
432,1.5475052013300616,1.7958776730955217,calibration
433,-0.6127886904843862,-0.38770155993598415,calibration
434,0.28586539072490497,0.334456789987025,calibration
435,0.6585442726728304,2.0102045387663496,calibration
436,-0.1769472274940494,-0.7982972445384537,calibration
437,-1.3793192280145272,-0.7309300399419191,calibration
438,-0.033126972873797095,1.7945578635177877,calibration
439,-0.5176112990361714,0.2237879516388985,calibration
440,-0.016422896072752075,1.188393273448084,calibration
441,2.5269324258736217,-0.5308687729203206,calibration
442,-0.48943944251822213,1.044160877069072,calibration
443,0.6818914896263114,1.8467073257360336,calibration
444,0.5839281853259639,-0.35929209078705954,calibration
445,0.5906548306923093,1.1087035805829077,calibration
446,0.820482181197364,0.5072740311072977,calibration
447,1.066674689589154,1.1692955904456728,calibration
448,1.3821589910375272,0.6487098875896427,calibration
449,-0.16711808031685435,0.14671368643332283,calibration
450,1.2065089665083568,-0.8169356709872361,calibration
451,0.3686733088729012,-0.3933388123273607,calibration
452,0.028744822934817487,1.2784518626072987,calibration
453,0.19109906801990334,0.04643654815614881,calibration
454,-1.3598561409799192,0.7462535660272207,calibration
455,0.6454841811410754,2.16325472330546,calibration
456,-0.30777823495300083,0.21915032766393897,calibration
457,0.24938368371075526,1.5774532797634744,calibration
458,-0.0952955323869521,0.27902152577033923,calibration
459,0.6078965097165392,0.1866091231563581,calibration
460,-0.44643361455052827,0.19408999289830758,calibration
461,1.073631749859772,-1.0265152994110602,calibration
462,0.132969674146876,-0.7001208149391732,calibration
463,1.1950466289248425,-1.5231869047837747,calibration
464,-0.5589218472715883,0.37721187506452086,calibration
465,1.5655240292343404,-0.0657502610729878,calibration
466,-0.5551995266931984,1.8811570694405901,calibration
467,-1.448013900416244,-2.198805956620082,calibration
468,0.4400144500533324,-0.5020542243526112,calibration
469,-1.0212328171307132,0.7083564472993533,calibration
470,0.24380071377119883,-0.5640786307367284,calibration
471,-1.2803043986708944,0.8724573282801447,calibration
472,0.650201177958661,-0.09917586377938291,calibration
473,1.8466369960476658,-1.0700847663261526,calibration
474,-1.5255251709247388,-0.6919080698812444,calibration
475,-0.045586016355497805,0.24333944932269183,calibration
476,-0.24123605785632987,0.3520553965142968,calibration
477,-1.251539424190444,1.4437646040732595,calibration
478,-0.0821511783925688,1.1172958315881276,calibration
479,0.34272534637770413,0.4567532191537839,calibration
480,0.5697672802322039,0.44770856001731496,calibration
481,0.6427227598675439,1.3291525301324314,calibration
482,0.19652116970147013,0.7090037575885123,calibration
483,-0.08973569428722672,1.4401172154494728,calibration
484,-0.6763923020592697,1.8009404329108156,calibration
485,-0.04015795064434341,-1.4307751021180481,calibration
486,0.12810441491078928,-0.6810516574748808,calibration
487,0.8406435489887241,-0.6526239793023909,calibration
488,-0.4461834332147797,-1.889540730945531,calibration
489,-0.4523063192490767,-2.4238793266289567,calibration
490,-1.5839028234857233,0.7604146561442974,calibration
491,0.7858001586508322,0.42545756178496474,calibration
492,-0.966976143129213,-0.047711356141979855,calibration
493,-0.0036025390905684044,-1.1583646891925428,calibration
494,1.5033983017671506,0.8773622905756714,calibration
495,-0.22096417382966393,0.02688583899453078,calibration
496,0.20838280794755248,-2.0417348684242906,calibration
497,-0.24717738252059693,-0.6819842479977986,calibration
498,-1.0016200098949155,-0.2811002928859549,calibration
499,1.7976865268495226,0.6408428612670098,calibration
500,-0.5711789897827968,0.5725827813561586,calibration
501,2.399355436586002,0.4246336829127688,test
502,1.0596303699201741,-1.146936777705574,test
503,1.6982233136135898,-0.1065146145782504,test
504,1.8951932200277324,0.13517180168196952,test
505,2.049552715319335,-1.0352352115605679,test
506,2.3173940656343257,-0.3024003953076003,test
507,3.0752608726252655,-1.1891878180895679,test
508,2.7359638031652493,-0.3020892165373522,test
509,0.34858199638555165,-0.9838858340543215,test
510,0.6796526918056798,-0.0758340535980836,test
511,1.5228354880354997,-1.073700003938579,test
512,0.9756454077390172,1.6422703586118637,test
513,2.727543170100711,-0.06367633032596792,test
514,1.0380034781682004,-0.37996867328173867,test
515,1.6135179727304165,-1.5227925651984056,test
516,0.7426234625766549,-2.1685840738775894,test
517,1.3992231226052794,0.14719593970274103,test
518,0.516813537700626,1.0739867632900328,test
519,-0.22576566300234124,-1.9643748802098202,test
520,1.224451818559972,0.5470983026121545,test
521,2.6839276914578685,-0.95888426286894,test
522,2.078680833431296,-0.5385084695007072,test
523,0.8273727000591804,0.3836599374866724,test
524,1.6523228784134196,-2.0763921569842494,test
525,2.4765403497258958,0.8800913541474515,test
526,0.3744372984904706,-0.10419646656259096,test
527,1.4940301862827388,-0.2393262341760929,test
528,0.4496948461545799,-1.1716233679380514,test
529,0.9744459290085548,0.6727290192593647,test
530,1.5436001545944324,-0.870614332086106,test
531,1.7716987106483448,-3.3485426206300755,test
532,2.1487657003721035,-2.2397137787781,test
533,0.6375590585968678,-1.6196698946261439,test
534,-0.29468147572090575,0.6608267873785194,test
535,0.5322987986881087,-0.15349611826928422,test
536,0.9530794211208159,-0.022959172776878534,test
537,1.0768218910602554,-1.7829922241885696,test
538,1.99626681944714,-0.9937565831613124,test
539,-0.556581898659751,-0.9281151609659125,test
540,2.500759790634311,0.3502217421134929,test
541,0.6513478655921408,-0.8492577043184288,test
542,0.6783649487826173,1.576747983560841,test
543,1.3819354522315535,-0.06995835280893037,test
544,2.030283454031842,-0.26121084097348646,test
545,0.7409578541792969,-0.6963498490849782,test
546,0.9283987405859361,-0.5372222365098416,test
547,1.7276295436369797,-0.4480541141927006,test
548,1.7326400772155792,-0.5807165801085823,test
549,1.0786351903160907,-2.4982006845321076,test
550,1.9163276747024813,-0.1535115241020073,test
551,1.9980101098596523,-3.3962553781936893,test
552,3.0883747047807275,-0.6395896281551737,test
553,2.1081828167375165,-1.5399059271255309,test
554,1.6127739050625696,-1.5534155631736561,test
555,0.3762310393041949,1.4140313538667861,test
556,0.8093175992366535,-0.2825671268202771,test
557,1.870067730688754,-0.004318112027395349,test
558,1.1504189051435765,-0.13503899753377457,test
559,3.403415585238275,-0.5576187970335854,test
560,1.2010990467149676,0.550654396007612,test
561,2.105525932957984,0.6870303055603801,test
562,1.6387302220291846,-1.6430049127304835,test
563,2.633431532301096,-1.646345393018688,test
564,1.3026354652390333,-1.2542758500193578,test
565,0.9358616534070074,-0.1712375896965196,test
566,1.321357215450273,-0.07807924576471525,test
567,2.613711269058647,-0.04646569848602017,test
568,0.7558433647093513,0.4640871682883573,test
569,2.1894704889246404,-1.7276078151369925,test
570,1.597400069849858,0.20117274231089832,test
571,0.7024364966400081,0.8757068133116195,test
572,0.8499444129674733,-0.3744235465284578,test
573,0.8269281757161304,-0.48442095241853245,test
574,-0.09627508689520181,-1.9400508825942944,test
575,2.594505063224972,-1.3469613483183278,test
576,0.008607650543692835,-2.653390113603715,test
577,0.3610382523104978,-1.8230897934074983,test
578,2.642015160136369,0.5098170893426341,test
579,0.3118496548222762,1.7524358053443088,test
580,1.9817654869915944,-0.8248313835086225,test
581,-1.499405714873573,1.7909425725907417,test
582,-0.389572466763596,-2.145398746956892,test
583,2.0225704320096405,1.9397524063392728,test
584,2.384272818510518,0.0639091200523596,test
585,1.5947543416652858,0.3534155587803077,test
586,1.7589285897867653,-0.2188085760306242,test
587,1.104201103951876,-0.5625931278995224,test
588,0.24603541113332372,-0.7806750768667741,test
589,-0.6929568141953855,-0.5983396267947498,test
590,0.01140889284908253,-1.603589317215771,test
591,1.1798941511534784,0.8920022863445993,test
592,1.9183166060023131,-2.0705006036231772,test
593,0.010371863429662453,0.4407711879882159,test
594,0.017512606461690394,-0.7246331499970247,test
595,1.5500520990245519,-1.4683444548636353,test
596,1.1053755061459598,-1.8340254949182044,test
597,0.39863235604878633,-0.18021806585746303,test
598,-0.5929937335316693,-0.05952526203960101,test
599,0.9803622010733188,0.052489954417147766,test
600,1.2239141340646613,0.8641404299738442,test
601,1.1252245026479073,-0.929405541125253,test
602,1.1222975030322837,0.04329802903638791,test
603,1.0488600703257043,-0.4594083087961176,test
604,0.29800831219324464,-1.1629009175509482,test
605,-0.4026052717996935,1.2495767431869393,test
606,-0.24386323539128507,-1.1929051977959073,test
607,0.28159273443080257,0.39492437694444127,test
608,0.7050503217079722,0.7477420726737338,test
609,0.3265093757561315,-0.22100583777619803,test
610,0.16465294674024267,1.6451491277733883,test
611,-0.1875984190295128,-0.1901792897729725,test
612,1.6337768809320985,-0.08620090254850177,test
613,0.8147123411222917,-0.6298206997334261,test
614,1.0438114719791096,-0.6470020016284886,test
615,1.9638791167949097,1.7105230015913513,test
616,0.4425082149921664,-1.8698029795790778,test
617,0.9117179516487451,2.0797093376543185,test
618,0.1963254320302692,1.1391168054440675,test
619,2.6777008140764407,-1.0535882417079945,test
620,1.5689830791852755,1.128396623128538,test
621,0.6208722590125129,-0.7035803601023618,test
622,0.41831908605135626,-1.5147567306928669,test
623,0.3507224549339929,-1.7239402667622565,test
624,1.0340834682592261,-1.2699732310586418,test
625,1.2337859117907477,-2.055895646203627,test
626,1.330880232214457,0.33352896160892465,test
627,-0.9937356425714554,-0.12594343015242787,test
628,2.2276689924732924,-1.7096410186912054,test
629,2.6725723868377034,-0.08098099063395481,test
630,0.29498814424159114,-0.555769077657706,test
631,1.5583269125217223,-0.42399460858758853,test
632,1.5387559924463692,-1.4206735930793664,test
633,1.169360824036078,-1.9137144969049802,test
634,0.8887739386512997,-1.4039076414647897,test
635,0.26447005741023344,0.7360931752104374,test
636,2.091310120594269,0.109138120907177,test
637,-0.09231276467257898,-0.8164084496948019,test
638,2.2130976999791834,-0.35828308636009526,test
639,3.319329539981694,-0.10668216060562813,test
640,1.1920491164900315,-0.8091164642025014,test
641,1.1335409047822824,-0.6524698363805439,test
642,1.7081086766885905,0.45670231679458406,test
643,0.2140105394920505,-1.831232953557778,test
644,-0.8362053731032966,0.007991326912543673,test
645,-0.10336660617387361,-2.652890592952483,test
646,1.388578604530964,1.9929995174327906,test
647,0.9939290884601066,0.3384907744516419,test
648,1.081829358547565,-0.5988896531911426,test
649,1.9190764829877685,-0.7902745441886514,test
650,1.267392314071903,-0.17830219380398638,test
651,0.33190954635695125,0.4920423495365228,test
652,0.8250402433045914,-1.2557451594928448,test
653,1.5365098435704034,-1.3984679817910373,test
654,1.0281811573691282,-0.5091189966442036,test
655,2.085895565831578,-0.025301767120047225,test
656,0.9749730412548561,0.3177662992002871,test
657,2.3902075490173136,0.05781030635186224,test
658,1.0103526198433805,-1.8118362323501596,test
659,-0.06511366307537259,-0.8052247043546676,test
660,0.39048779784071685,-0.6869713029854461,test
661,1.056649924897107,0.0296927543567308,test
662,0.9295012219409088,-0.013498356173798076,test
663,1.0644744148101202,-2.4754665663538713,test
664,0.060664606181245695,-0.6440875557216155,test
665,-0.20969474284110756,0.0999287299962045,test
666,2.5307508323436974,0.7187618516973167,test
667,0.786557129069792,0.990726136849952,test
668,1.1486674572021116,-0.8370859711180394,test
669,0.38659733645906025,-0.8024696864881283,test
670,0.6118231814587712,-0.3295837776245123,test
671,1.1605739810498645,-0.4969539798465855,test
672,1.43693816974635,0.6906462747863413,test
673,1.9495541354413237,-1.9848979684499035,test
674,-1.5539211349019548,0.4343199112392737,test
675,-0.3668786984154211,-0.7247654018926836,test
676,-0.17011302605935952,-2.3019804375800197,test
677,1.5414627282047881,0.25915516030264685,test
678,0.42348959927328056,-3.09104229214491,test
679,0.45375555174751725,-0.1081959945974535,test
680,-0.47891156877412877,-0.31664008022084433,test
681,0.9846901508270044,0.07929149960108839,test
682,1.1195803684141532,-1.4730689408815554,test
683,2.1965715016644913,-0.65852957302697,test
684,0.9726954604900682,-1.433267959073196,test
685,0.5567177488084897,-1.3848027140269008,test
686,0.8270539400765771,1.2117084801423434,test
687,-0.37190114293135634,-2.113561397876741,test
688,2.4711703274936085,-0.7093236771518661,test
689,0.33092726134008343,0.5399046873960764,test
690,0.3943844602631359,1.3260097135469362,test
691,1.677925871339269,-0.9879114081457027,test
692,3.1573082132655035,-1.1057149230033385,test
693,1.7420953720093069,-0.20070741959350807,test
694,2.301741289398798,1.0615111967268527,test
695,1.0320041490657665,-1.2534178703461833,test
696,1.4599721429391164,-1.1777153697521061,test
697,3.013387247526623,-0.3634646689172626,test
698,0.6346784486878914,-0.3153196941350916,test
699,-0.3471262895296965,-1.4716140385106515,test
700,2.2004139079444256,-1.1568942789713956,test
701,-0.046910982681939606,0.03665275252728617,test
702,2.185704154662997,0.21895331066506674,test
703,1.9960476858058165,-1.2567950885694608,test
704,-0.42181066674184375,1.0013336519554867,test
705,0.6773201611578643,-0.7508330164550474,test
706,2.3281941418490577,0.05623000940065992,test
707,1.4558877720816077,1.665002344901084,test
708,0.356481769619857,0.42784012808123717,test
709,1.0570131248970844,-0.23140772113674307,test
710,2.5284684264125317,0.007835756289623741,test
711,1.538296079049633,0.5725073373098022,test
712,0.6350472704571146,-1.3392096673390064,test
713,-0.04480919402103356,-2.4663565893760016,test
714,3.056207129940322,-1.6032083657216831,test
715,0.778746376414228,-0.7768132998889207,test
716,1.3074066978091008,0.31573721253929676,test
717,1.8604734883597454,-1.0830774385689383,test
718,0.8328782862135885,-0.21742004951170035,test
719,0.751308873816453,1.1073455760199926,test
720,1.4909749516382513,0.23487778604981746,test
721,1.6628812686674128,0.673473857485325,test
722,1.181021558703707,-1.7968319479558466,test
723,1.3996879517526417,-1.151356893791829,test
724,0.47138331825024316,0.08636401875509325,test
725,2.238283071433636,-0.47872842326393833,test
726,1.3088330125989638,1.202214944635238,test
727,1.2407531794885682,2.101683114180395,test
728,1.5655096456315443,-2.260762759155818,test
729,1.7533416211045325,-0.11884161511722224,test
730,2.2897527540827456,0.17318135126995837,test
731,0.8615440160162262,-1.7242982362893657,test
732,0.7909767427139747,-1.3505204542093001,test
733,0.4194765501952773,0.0885784044206096,test
734,2.6699045043514062,-0.1053284701770189,test
735,-0.19588306203518435,-0.05539733177985928,test
736,2.196631486645651,-1.109782904319382,test
737,0.8659828333270823,-0.4853118052708029,test
738,0.21510168691776,0.14828043384385903,test
739,0.8790518513922184,-0.08046755609297224,test
740,0.1125078221978999,-0.9374583003234105,test
741,1.7223813578277714,-0.8728331520917669,test
742,2.726963851233405,-0.8996361856146023,test
743,1.224684725751886,0.4325908318730899,test
744,-0.4183657329330317,-2.260808811980776,test
745,-0.5256563145700948,0.7625841034271821,test
746,0.44814185410755325,2.0581992856682523,test
747,0.4357524013426114,-0.31544869680296306,test
748,2.5421099525678756,1.506092888159123,test
749,3.061503576636398,0.7083662305931424,test
750,2.0240625258114626,0.0925269492011831,test
751,1.7783610761666377,-1.0511857163285334,test
752,0.18180111657769282,-0.5033744574109521,test
753,0.8298153774750716,-0.9532280493272751,test
754,1.6963874474567153,0.4553052085705107,test
755,1.0884068862918475,0.9775300810552618,test
756,-0.14168911413350505,-0.6936594592797181,test
757,0.28317767939719507,-2.36653661707306,test
758,0.9173193141573007,-0.6217475083832835,test
759,2.513449743242131,0.13081168455477754,test
760,-0.024186824329204937,1.3540925663341883,test
761,2.221033695525353,0.08209770346861578,test
762,0.7735159011501681,-1.4594392367234796,test
763,0.627793223928947,0.588748619704186,test
764,2.884586305934609,1.043243528272189,test
765,0.5111505782137259,-1.6196174332890112,test
766,1.140886246911204,-2.268439365562852,test
767,1.3231677141847815,-0.6476025862986687,test
768,0.5339634981317578,-2.0947030672667957,test
769,1.5136001065697164,-1.0327008396619113,test
770,-0.16991683571028804,-3.3722622132816493,test
771,0.9724850949493637,1.272251596669744,test
772,2.66125921454787,-0.9570962565862718,test
773,0.39778793963821946,-0.031225743924976235,test
774,0.0016145608117085208,-0.19820810018053403,test
775,1.7660802783846903,0.7269332238843076,test
776,0.8998459235200472,-0.7036737501769659,test
777,0.12201741324343895,-1.3268803540398602,test
778,0.7735211080984732,-0.13263449318382192,test
779,1.9135846262332494,-1.3031789506803448,test
780,2.4926885689595215,-0.7711236010425688,test
781,0.9786327056515638,-1.2472116791478234,test
782,-1.4242402602729416,0.38404539636104973,test
783,1.7368438970924334,-0.7813275571182134,test
784,1.0669907172248718,0.01593921770409945,test
785,-0.5625458568865427,-1.0290526773462947,test
786,1.7942646796218271,-1.7542894231692494,test
787,1.2935579321666293,-1.856581804623405,test
788,1.4664299824335263,-0.5356414822974835,test
789,-0.6151318159055095,0.6647393544571714,test
790,0.2654084232019508,-1.3102524370143809,test
791,1.200569197230943,0.6486373494287152,test
792,-0.015821818978396962,-0.43832015015202835,test
793,1.4288165003305728,0.19310560726314407,test
794,1.1764415552772252,-0.8670278390833224,test
795,0.17240977935128032,-0.41385611695362523,test
796,-0.0721390119856069,-3.4213504834946074,test
797,1.436559804157668,0.40393484108619526,test
798,-1.3629324355418384,-1.5097307047099375,test
799,1.6191542610051979,1.5574954697116987,test
800,1.020793707675408,-1.2280029412291344,test
801,0.8171035588951598,0.8748764191481848,test
802,0.3540358208754647,-1.2991920066502536,test
803,0.5172564778179676,-1.4533286082587122,test
804,1.1226703159947955,1.1246784584695606,test
805,1.323079273116029,-0.7523535021262876,test
806,0.7081887310844559,-2.063190808696657,test
807,1.883109777147159,-0.577837197012802,test
808,0.8195200864093743,2.693107567844861,test
809,1.2987529083656861,-1.2517910500951843,test
810,0.5736424037944567,0.6484457091967548,test
811,1.1132704105377644,-1.9382779783173667,test
812,1.9192289345752034,-1.168144085538994,test
813,2.8732977762175453,0.5800480657146485,test
814,0.5526781043412488,0.7810163617351129,test
815,1.0678555105274032,0.35277367512221947,test
816,1.4847328172944747,-1.3463566549908736,test
817,0.356450167682538,0.5299608175811612,test
818,0.6652246678934591,-0.9036484632419968,test
819,0.04487742065064704,-0.07640093440653895,test
820,3.062524919243145,-1.5675329142542729,test
821,1.024219456672758,0.9122205554154292,test
822,0.9203586087542849,-0.04762820375026611,test
823,-0.062393528146879706,-0.07169290279235141,test
824,0.8128557349954513,0.48572999567986297,test
825,2.187386051564751,2.089563642018614,test
826,1.5796331732135758,-0.17420368341783354,test
827,1.194384301577336,-0.8531662928106883,test
828,1.3384838434616912,-0.7954014101390294,test
829,1.1684609762696143,0.8175975356079597,test
830,-0.006542565279641144,0.6398785611290454,test
831,2.3171150673398655,-0.6180685269910787,test
832,-1.1218548990085946,-1.1078219870944324,test
833,2.296994546561109,-0.5228680622988822,test
834,0.000697767705089225,-1.0047749212282175,test
835,1.8406200265045531,0.046733568201379305,test
836,0.7610679008303056,-0.8668244118146875,test
837,0.6082418509561781,-1.4224101844985024,test
838,2.6153756894694418,-0.8223204692113399,test
839,2.2171585208254965,1.0213160519224513,test
840,1.9983108981479605,-0.9316203127180485,test
841,1.4037300903366094,-0.5241956063909161,test
842,0.09629813926987185,-0.175640718278397,test
843,-0.1790397911598025,0.6876793884615637,test
844,0.5353827027016069,-0.2988403441271607,test
845,1.2832878715461422,-0.7589049737040774,test
846,1.5866938014752747,-0.9749036566225244,test
847,1.8712972974572442,-1.8459796802467485,test
848,1.1263795795464118,1.4389289990582848,test
849,-0.0003313246055747232,-1.1777449705248515,test
850,1.513907849658915,-0.32041821806040205,test
851,1.3506300992735591,-0.010812869852336482,test
852,1.63472146856177,0.6096998419562232,test
853,1.4098186569285125,-0.7412576546185424,test
854,1.6725737012027313,1.3998819348952156,test
855,0.8673662536174265,-1.4745293046706416,test
856,2.107080669286973,-0.6203811639535982,test
857,-1.1726695460140362,0.3474216771504216,test
858,0.46467181404607727,-0.5905332823041608,test
859,1.3319803305690145,-0.3095003202209336,test
860,1.7094518171390396,-0.9354863705698433,test
861,1.5131057981760827,-0.7595466775839173,test
862,1.7388104808875031,0.11536748401305341,test
863,0.06456129795540466,0.5859821161750323,test
864,0.46403655488595197,0.3080577982811451,test
865,1.3672873134013406,1.3381836767951225,test
866,0.7765340176281479,-0.8493167961181975,test
867,0.9805803941122674,-0.8031797828342755,test
868,1.79994190194205,-2.1163106084365877,test
869,-0.05368241914635408,-1.567802921579193,test
870,1.9503075919735757,1.2106133725819253,test
871,0.8955507814625285,-0.6688217231900107,test
872,1.0700521631131814,0.6618783026081905,test
873,0.07264686580942592,-0.26163101726521487,test
874,1.9751976297824299,0.0010941699398452354,test
875,1.1895816165987434,0.5010460925671412,test
876,-1.7032322929992372,0.17787531953090763,test
877,0.3459243168725762,-2.330632896856457,test
878,1.5112025995249807,0.8736585451629577,test
879,0.8625514853723082,0.45287454720293885,test
880,2.6122782579886454,0.8149144535840473,test
881,2.639964529371393,0.24212749107189224,test
882,1.0754336389015928,-2.1019658118971685,test
883,0.7539375118700514,-1.3432465953161916,test
884,3.1709427174978138,-0.6758858124323366,test
885,1.1232048067844858,0.051485376040467545,test
886,1.0436024463724538,1.195051040430753,test
887,0.37735063826554804,-0.3053925447627573,test
888,0.25752941430195175,-1.8200225112207058,test
889,0.3882309090947146,-0.537036797048412,test
890,0.57069777548274,-1.192420979873856,test
891,-0.40631746367183386,-0.5831055726286948,test
892,-0.5047203740310022,0.2600559636896026,test
893,1.0824397529345033,-1.9575514994649306,test
894,0.6907909229501366,-1.2521564055905832,test
895,1.3191745104191805,0.8404504460231446,test
896,-0.8751724696457446,-0.38497392085258286,test
897,0.8398672044333596,0.17134007645046567,test
898,1.2131966282376891,-1.251969331738819,test
899,0.6809460643333818,-1.296025856803489,test
900,2.076007138598598,-0.47868835132805776,test
901,2.9011906857530074,-0.5606608138146207,test
902,0.2915932330895372,-2.013714392612827,test
903,-0.8031396762559451,-2.0841359430054895,test
904,1.2671266510114834,0.008725023229933848,test
905,-0.5811907020321334,0.39503831407611545,test
906,0.5169389483165605,-0.3532069880144506,test
907,2.6122206282554243,0.3968393158655319,test
908,0.7314693520941677,-1.3911922254152875,test
909,-1.151815401329305,-1.21915331924242,test
910,0.7888697611723056,-1.4871795271511838,test
911,0.8687430329076953,-0.4231481170412318,test
912,0.7751440181919215,-1.1500025808234597,test
913,1.1686546719667277,-0.05805935043059096,test
914,-0.09039907744284603,0.9109323797462701,test
915,0.9014118677157382,-0.48115037705515235,test
916,1.7082144232565573,-0.26678386873649834,test
917,1.9531366339132452,-0.2128758347981758,test
918,0.3875626253595621,-0.13849647479389837,test
919,-0.14372620732066177,-0.39144029422347687,test
920,0.9667700093555393,-0.7081168572725397,test
921,0.8714624885610692,-2.3818490454976393,test
922,0.4512750922590385,-0.4071550988588853,test
923,1.1598563919974003,-1.5276751409259581,test
924,2.2657078408647005,-1.3661748482145009,test
925,1.9694572005267368,-0.07280563812831514,test
926,0.35377269015619695,1.275310892609512,test
927,-0.19363683175648005,0.4191541736100015,test
928,2.0005823180429783,-1.1706202090766449,test
929,2.3924653000643286,-0.7500465145989528,test
930,1.288693629279857,-0.23967816122877927,test
931,0.8656912585294522,0.3108082731597821,test
932,1.793488720552213,-2.2485319732381805,test
933,2.3043402428781525,-2.1624919880356743,test
934,2.0325462043416573,0.6267051368275833,test
935,-0.09096643021519824,-0.9108142879545849,test
936,-0.10570466848593574,-0.7149210302887353,test
937,0.6919657158142587,0.27966053226933985,test
938,2.3103087461196083,0.8956838107899561,test
939,0.4378319734216979,-0.7092218737445277,test
940,-0.6834381922209503,-1.3058700664961886,test
941,1.9648516330974575,1.1155828235482317,test
942,-0.23434887187992204,-1.0924642591528944,test
943,0.973594243041073,-0.2198388411803932,test
944,0.19039648007835386,-0.07593895553591029,test
945,0.5261606529290839,-0.514452270878279,test
946,1.5462842480036996,-0.4935777301890622,test
947,0.5636141094734314,-0.6096098039258309,test
948,0.9116370407946647,-0.8700110298821278,test
949,0.7412039373328976,1.098647170504717,test
950,1.5609194479412387,-0.7954803180291603,test
951,1.6969544045107356,-0.83381948975601,test
952,2.1731246375866413,-0.1303578078019061,test
953,0.8926978559957711,-0.05228307418972239,test
954,-0.5708761520684993,-1.6267674689098053,test
955,-0.1939250063990554,-0.35705690523629324,test
956,2.732514999485092,1.7313001461926323,test
957,1.638051101440757,0.000844474944456941,test
958,-0.801057734152739,-1.0426737997340219,test
959,0.2122162480917611,-1.1208475982511161,test
960,0.8318561814152103,-0.9720905776971274,test
961,-0.9792998103757877,0.2479102561175338,test
962,-0.07274302573980651,-0.26075313588885046,test
963,3.0740826697499735,-1.4193845915864234,test
964,-1.5302875227463297,-0.7860042218801109,test
965,2.100959634998571,1.4583474542205939,test
966,-0.22954959445241685,-0.003300776763478286,test
967,0.5346895432199467,-0.6059483543041356,test
968,3.6443433470170348,-2.002970328395153,test
969,1.2537396614945735,-0.03230682823456682,test
970,2.085786324939347,-0.4020168465291046,test
971,1.3080505395041024,-0.8916485674217911,test
972,1.2691269412451074,-0.8431922754974105,test
973,1.621571889856051,-0.869610336043634,test
974,1.3771003939021864,-0.5292628136849784,test
975,2.126050250772168,-0.5513937235884863,test
976,-0.7730324682068814,0.7619215007139917,test
977,0.09426769913738109,-1.1537663386488197,test
978,0.4043387059565079,0.8744380931708173,test
979,-1.1356742139786955,2.6377485336599937,test
980,2.056056809066052,-0.27676108587084036,test
981,0.9451059993837136,-0.21444592514234306,test
982,1.5211224283793383,0.145215585950057,test
983,1.5556044660034485,-0.4104193187447512,test
984,0.8026615796926739,-0.6512732836535117,test
985,0.805091719647319,0.6337700968670645,test
986,1.5935567222808618,-3.4403886346642802,test
987,1.6559007765297609,-0.30526380528122515,test
988,0.9812912435541026,-0.8885184530888859,test
989,2.1241127199860133,0.44752646212285785,test
990,0.22712233217639088,-0.09294771287546488,test
991,0.028343265458714018,-1.8796181647889305,test
992,0.37328277541003485,0.36239347238275876,test
993,1.9531250453760867,0.013085420097292966,test
994,1.725095786847997,0.01617828711495839,test
995,0.35851840477704777,-0.06807745532605936,test
996,1.8004095252276824,0.2542913298135743,test
997,2.188913371474643,0.20830384720106376,test
998,1.351448207541583,0.5701502383164274,test
999,0.97347874075094,-1.3818746512277178,test
1000,0.8369330360562361,-1.244902644806449,test
